"ID","screen","male_ever_smoker_min_age","male_ever_smoker_max_age","male_ever_smoker_uptake","male_ever_smoker_pack_yrs","male_ever_smoker_quitting_period","male_ever_smoker_frequency","male_ever_smoker_family_history","male_never_smoker_min_age","male_never_smoker_max_age","male_never_smoker_uptake","male_never_smoker_frequency","male_never_smoker_family_history","female_ever_smoker_min_age","female_ever_smoker_max_age","female_ever_smoker_uptake","female_ever_smoker_pack_yrs","female_ever_smoker_quitting_period","female_ever_smoker_frequency","female_ever_smoker_family_history","female_never_smoker_min_age","female_never_smoker_max_age","female_never_smoker_uptake","female_never_smoker_frequency","female_never_smoker_family_history"
0,0,0,0,0,0,0,0,0,0,0,0,0,0,0,0,0,0,0,0,0,0,0,0,0,0
1,1,50,80,1,20,15,1,1,50,75,0.4,1,1,0,0,0,0,0,0,0,0,0,0,0,0
2,1,50,80,1,20,15,1,1,55,75,0.4,1,1,0,0,0,0,0,0,0,0,0,0,0,0
3,1,50,80,1,20,15,1,1,60,75,0.4,1,1,0,0,0,0,0,0,0,0,0,0,0,0
4,1,50,80,1,20,15,1,1,50,80,0.4,1,1,0,0,0,0,0,0,0,0,0,0,0,0
5,1,50,80,1,20,15,1,1,55,80,0.4,1,1,0,0,0,0,0,0,0,0,0,0,0,0
6,1,50,80,1,20,15,1,1,60,80,0.4,1,1,0,0,0,0,0,0,0,0,0,0,0,0
7,1,50,80,1,20,15,1,1,50,85,0.4,1,1,0,0,0,0,0,0,0,0,0,0,0,0
8,1,50,80,1,20,15,1,1,55,85,0.4,1,1,0,0,0,0,0,0,0,0,0,0,0,0
9,1,50,80,1,20,15,1,1,60,85,0.4,1,1,0,0,0,0,0,0,0,0,0,0,0,0
10,1,50,80,1,20,15,1,1,50,75,0.7,1,1,0,0,0,0,0,0,0,0,0,0,0,0
11,1,50,80,1,20,15,1,1,55,75,0.7,1,1,0,0,0,0,0,0,0,0,0,0,0,0
12,1,50,80,1,20,15,1,1,60,75,0.7,1,1,0,0,0,0,0,0,0,0,0,0,0,0
13,1,50,80,1,20,15,1,1,50,80,0.7,1,1,0,0,0,0,0,0,0,0,0,0,0,0
14,1,50,80,1,20,15,1,1,55,80,0.7,1,1,0,0,0,0,0,0,0,0,0,0,0,0
15,1,50,80,1,20,15,1,1,60,80,0.7,1,1,0,0,0,0,0,0,0,0,0,0,0,0
16,1,50,80,1,20,15,1,1,50,85,0.7,1,1,0,0,0,0,0,0,0,0,0,0,0,0
17,1,50,80,1,20,15,1,1,55,85,0.7,1,1,0,0,0,0,0,0,0,0,0,0,0,0
18,1,50,80,1,20,15,1,1,60,85,0.7,1,1,0,0,0,0,0,0,0,0,0,0,0,0
19,1,50,80,1,20,15,1,1,50,75,1,1,1,0,0,0,0,0,0,0,0,0,0,0,0
20,1,50,80,1,20,15,1,1,55,75,1,1,1,0,0,0,0,0,0,0,0,0,0,0,0
21,1,50,80,1,20,15,1,1,60,75,1,1,1,0,0,0,0,0,0,0,0,0,0,0,0
22,1,50,80,1,20,15,1,1,50,80,1,1,1,0,0,0,0,0,0,0,0,0,0,0,0
23,1,50,80,1,20,15,1,1,55,80,1,1,1,0,0,0,0,0,0,0,0,0,0,0,0
24,1,50,80,1,20,15,1,1,60,80,1,1,1,0,0,0,0,0,0,0,0,0,0,0,0
25,1,50,80,1,20,15,1,1,50,85,1,1,1,0,0,0,0,0,0,0,0,0,0,0,0
26,1,50,80,1,20,15,1,1,55,85,1,1,1,0,0,0,0,0,0,0,0,0,0,0,0
27,1,50,80,1,20,15,1,1,60,85,1,1,1,0,0,0,0,0,0,0,0,0,0,0,0
28,1,50,80,1,20,15,1,1,50,75,0.4,2,1,0,0,0,0,0,0,0,0,0,0,0,0
29,1,50,80,1,20,15,1,1,55,75,0.4,2,1,0,0,0,0,0,0,0,0,0,0,0,0
30,1,50,80,1,20,15,1,1,60,75,0.4,2,1,0,0,0,0,0,0,0,0,0,0,0,0
31,1,50,80,1,20,15,1,1,50,80,0.4,2,1,0,0,0,0,0,0,0,0,0,0,0,0
32,1,50,80,1,20,15,1,1,55,80,0.4,2,1,0,0,0,0,0,0,0,0,0,0,0,0
33,1,50,80,1,20,15,1,1,60,80,0.4,2,1,0,0,0,0,0,0,0,0,0,0,0,0
34,1,50,80,1,20,15,1,1,50,85,0.4,2,1,0,0,0,0,0,0,0,0,0,0,0,0
35,1,50,80,1,20,15,1,1,55,85,0.4,2,1,0,0,0,0,0,0,0,0,0,0,0,0
36,1,50,80,1,20,15,1,1,60,85,0.4,2,1,0,0,0,0,0,0,0,0,0,0,0,0
37,1,50,80,1,20,15,1,1,50,75,0.7,2,1,0,0,0,0,0,0,0,0,0,0,0,0
38,1,50,80,1,20,15,1,1,55,75,0.7,2,1,0,0,0,0,0,0,0,0,0,0,0,0
39,1,50,80,1,20,15,1,1,60,75,0.7,2,1,0,0,0,0,0,0,0,0,0,0,0,0
40,1,50,80,1,20,15,1,1,50,80,0.7,2,1,0,0,0,0,0,0,0,0,0,0,0,0
41,1,50,80,1,20,15,1,1,55,80,0.7,2,1,0,0,0,0,0,0,0,0,0,0,0,0
42,1,50,80,1,20,15,1,1,60,80,0.7,2,1,0,0,0,0,0,0,0,0,0,0,0,0
43,1,50,80,1,20,15,1,1,50,85,0.7,2,1,0,0,0,0,0,0,0,0,0,0,0,0
44,1,50,80,1,20,15,1,1,55,85,0.7,2,1,0,0,0,0,0,0,0,0,0,0,0,0
45,1,50,80,1,20,15,1,1,60,85,0.7,2,1,0,0,0,0,0,0,0,0,0,0,0,0
46,1,50,80,1,20,15,1,1,50,75,1,2,1,0,0,0,0,0,0,0,0,0,0,0,0
47,1,50,80,1,20,15,1,1,55,75,1,2,1,0,0,0,0,0,0,0,0,0,0,0,0
48,1,50,80,1,20,15,1,1,60,75,1,2,1,0,0,0,0,0,0,0,0,0,0,0,0
49,1,50,80,1,20,15,1,1,50,80,1,2,1,0,0,0,0,0,0,0,0,0,0,0,0
50,1,50,80,1,20,15,1,1,55,80,1,2,1,0,0,0,0,0,0,0,0,0,0,0,0
51,1,50,80,1,20,15,1,1,60,80,1,2,1,0,0,0,0,0,0,0,0,0,0,0,0
52,1,50,80,1,20,15,1,1,50,85,1,2,1,0,0,0,0,0,0,0,0,0,0,0,0
53,1,50,80,1,20,15,1,1,55,85,1,2,1,0,0,0,0,0,0,0,0,0,0,0,0
54,1,50,80,1,20,15,1,1,60,85,1,2,1,0,0,0,0,0,0,0,0,0,0,0,0
55,1,50,80,1,20,15,1,1,50,75,0.4,3,1,0,0,0,0,0,0,0,0,0,0,0,0
56,1,50,80,1,20,15,1,1,55,75,0.4,3,1,0,0,0,0,0,0,0,0,0,0,0,0
57,1,50,80,1,20,15,1,1,60,75,0.4,3,1,0,0,0,0,0,0,0,0,0,0,0,0
58,1,50,80,1,20,15,1,1,50,80,0.4,3,1,0,0,0,0,0,0,0,0,0,0,0,0
59,1,50,80,1,20,15,1,1,55,80,0.4,3,1,0,0,0,0,0,0,0,0,0,0,0,0
60,1,50,80,1,20,15,1,1,60,80,0.4,3,1,0,0,0,0,0,0,0,0,0,0,0,0
61,1,50,80,1,20,15,1,1,50,85,0.4,3,1,0,0,0,0,0,0,0,0,0,0,0,0
62,1,50,80,1,20,15,1,1,55,85,0.4,3,1,0,0,0,0,0,0,0,0,0,0,0,0
63,1,50,80,1,20,15,1,1,60,85,0.4,3,1,0,0,0,0,0,0,0,0,0,0,0,0
64,1,50,80,1,20,15,1,1,50,75,0.7,3,1,0,0,0,0,0,0,0,0,0,0,0,0
65,1,50,80,1,20,15,1,1,55,75,0.7,3,1,0,0,0,0,0,0,0,0,0,0,0,0
66,1,50,80,1,20,15,1,1,60,75,0.7,3,1,0,0,0,0,0,0,0,0,0,0,0,0
67,1,50,80,1,20,15,1,1,50,80,0.7,3,1,0,0,0,0,0,0,0,0,0,0,0,0
68,1,50,80,1,20,15,1,1,55,80,0.7,3,1,0,0,0,0,0,0,0,0,0,0,0,0
69,1,50,80,1,20,15,1,1,60,80,0.7,3,1,0,0,0,0,0,0,0,0,0,0,0,0
70,1,50,80,1,20,15,1,1,50,85,0.7,3,1,0,0,0,0,0,0,0,0,0,0,0,0
71,1,50,80,1,20,15,1,1,55,85,0.7,3,1,0,0,0,0,0,0,0,0,0,0,0,0
72,1,50,80,1,20,15,1,1,60,85,0.7,3,1,0,0,0,0,0,0,0,0,0,0,0,0
73,1,50,80,1,20,15,1,1,50,75,1,3,1,0,0,0,0,0,0,0,0,0,0,0,0
74,1,50,80,1,20,15,1,1,55,75,1,3,1,0,0,0,0,0,0,0,0,0,0,0,0
75,1,50,80,1,20,15,1,1,60,75,1,3,1,0,0,0,0,0,0,0,0,0,0,0,0
76,1,50,80,1,20,15,1,1,50,80,1,3,1,0,0,0,0,0,0,0,0,0,0,0,0
77,1,50,80,1,20,15,1,1,55,80,1,3,1,0,0,0,0,0,0,0,0,0,0,0,0
78,1,50,80,1,20,15,1,1,60,80,1,3,1,0,0,0,0,0,0,0,0,0,0,0,0
79,1,50,80,1,20,15,1,1,50,85,1,3,1,0,0,0,0,0,0,0,0,0,0,0,0
80,1,50,80,1,20,15,1,1,55,85,1,3,1,0,0,0,0,0,0,0,0,0,0,0,0
81,1,50,80,1,20,15,1,1,60,85,1,3,1,0,0,0,0,0,0,0,0,0,0,0,0
82,1,50,80,1,20,15,1,1,50,75,0.4,4,1,0,0,0,0,0,0,0,0,0,0,0,0
83,1,50,80,1,20,15,1,1,55,75,0.4,4,1,0,0,0,0,0,0,0,0,0,0,0,0
84,1,50,80,1,20,15,1,1,60,75,0.4,4,1,0,0,0,0,0,0,0,0,0,0,0,0
85,1,50,80,1,20,15,1,1,50,80,0.4,4,1,0,0,0,0,0,0,0,0,0,0,0,0
86,1,50,80,1,20,15,1,1,55,80,0.4,4,1,0,0,0,0,0,0,0,0,0,0,0,0
87,1,50,80,1,20,15,1,1,60,80,0.4,4,1,0,0,0,0,0,0,0,0,0,0,0,0
88,1,50,80,1,20,15,1,1,50,85,0.4,4,1,0,0,0,0,0,0,0,0,0,0,0,0
89,1,50,80,1,20,15,1,1,55,85,0.4,4,1,0,0,0,0,0,0,0,0,0,0,0,0
90,1,50,80,1,20,15,1,1,60,85,0.4,4,1,0,0,0,0,0,0,0,0,0,0,0,0
91,1,50,80,1,20,15,1,1,50,75,0.7,4,1,0,0,0,0,0,0,0,0,0,0,0,0
92,1,50,80,1,20,15,1,1,55,75,0.7,4,1,0,0,0,0,0,0,0,0,0,0,0,0
93,1,50,80,1,20,15,1,1,60,75,0.7,4,1,0,0,0,0,0,0,0,0,0,0,0,0
94,1,50,80,1,20,15,1,1,50,80,0.7,4,1,0,0,0,0,0,0,0,0,0,0,0,0
95,1,50,80,1,20,15,1,1,55,80,0.7,4,1,0,0,0,0,0,0,0,0,0,0,0,0
96,1,50,80,1,20,15,1,1,60,80,0.7,4,1,0,0,0,0,0,0,0,0,0,0,0,0
97,1,50,80,1,20,15,1,1,50,85,0.7,4,1,0,0,0,0,0,0,0,0,0,0,0,0
98,1,50,80,1,20,15,1,1,55,85,0.7,4,1,0,0,0,0,0,0,0,0,0,0,0,0
99,1,50,80,1,20,15,1,1,60,85,0.7,4,1,0,0,0,0,0,0,0,0,0,0,0,0
100,1,50,80,1,20,15,1,1,50,75,1,4,1,0,0,0,0,0,0,0,0,0,0,0,0
101,1,50,80,1,20,15,1,1,55,75,1,4,1,0,0,0,0,0,0,0,0,0,0,0,0
102,1,50,80,1,20,15,1,1,60,75,1,4,1,0,0,0,0,0,0,0,0,0,0,0,0
103,1,50,80,1,20,15,1,1,50,80,1,4,1,0,0,0,0,0,0,0,0,0,0,0,0
104,1,50,80,1,20,15,1,1,55,80,1,4,1,0,0,0,0,0,0,0,0,0,0,0,0
105,1,50,80,1,20,15,1,1,60,80,1,4,1,0,0,0,0,0,0,0,0,0,0,0,0
106,1,50,80,1,20,15,1,1,50,85,1,4,1,0,0,0,0,0,0,0,0,0,0,0,0
107,1,50,80,1,20,15,1,1,55,85,1,4,1,0,0,0,0,0,0,0,0,0,0,0,0
108,1,50,80,1,20,15,1,1,60,85,1,4,1,0,0,0,0,0,0,0,0,0,0,0,0
109,1,50,80,1,20,15,1,1,50,75,0.4,5,1,0,0,0,0,0,0,0,0,0,0,0,0
110,1,50,80,1,20,15,1,1,55,75,0.4,5,1,0,0,0,0,0,0,0,0,0,0,0,0
111,1,50,80,1,20,15,1,1,60,75,0.4,5,1,0,0,0,0,0,0,0,0,0,0,0,0
112,1,50,80,1,20,15,1,1,50,80,0.4,5,1,0,0,0,0,0,0,0,0,0,0,0,0
113,1,50,80,1,20,15,1,1,55,80,0.4,5,1,0,0,0,0,0,0,0,0,0,0,0,0
114,1,50,80,1,20,15,1,1,60,80,0.4,5,1,0,0,0,0,0,0,0,0,0,0,0,0
115,1,50,80,1,20,15,1,1,50,85,0.4,5,1,0,0,0,0,0,0,0,0,0,0,0,0
116,1,50,80,1,20,15,1,1,55,85,0.4,5,1,0,0,0,0,0,0,0,0,0,0,0,0
117,1,50,80,1,20,15,1,1,60,85,0.4,5,1,0,0,0,0,0,0,0,0,0,0,0,0
118,1,50,80,1,20,15,1,1,50,75,0.7,5,1,0,0,0,0,0,0,0,0,0,0,0,0
119,1,50,80,1,20,15,1,1,55,75,0.7,5,1,0,0,0,0,0,0,0,0,0,0,0,0
120,1,50,80,1,20,15,1,1,60,75,0.7,5,1,0,0,0,0,0,0,0,0,0,0,0,0
121,1,50,80,1,20,15,1,1,50,80,0.7,5,1,0,0,0,0,0,0,0,0,0,0,0,0
122,1,50,80,1,20,15,1,1,55,80,0.7,5,1,0,0,0,0,0,0,0,0,0,0,0,0
123,1,50,80,1,20,15,1,1,60,80,0.7,5,1,0,0,0,0,0,0,0,0,0,0,0,0
124,1,50,80,1,20,15,1,1,50,85,0.7,5,1,0,0,0,0,0,0,0,0,0,0,0,0
125,1,50,80,1,20,15,1,1,55,85,0.7,5,1,0,0,0,0,0,0,0,0,0,0,0,0
126,1,50,80,1,20,15,1,1,60,85,0.7,5,1,0,0,0,0,0,0,0,0,0,0,0,0
127,1,50,80,1,20,15,1,1,50,75,1,5,1,0,0,0,0,0,0,0,0,0,0,0,0
128,1,50,80,1,20,15,1,1,55,75,1,5,1,0,0,0,0,0,0,0,0,0,0,0,0
129,1,50,80,1,20,15,1,1,60,75,1,5,1,0,0,0,0,0,0,0,0,0,0,0,0
130,1,50,80,1,20,15,1,1,50,80,1,5,1,0,0,0,0,0,0,0,0,0,0,0,0
131,1,50,80,1,20,15,1,1,55,80,1,5,1,0,0,0,0,0,0,0,0,0,0,0,0
132,1,50,80,1,20,15,1,1,60,80,1,5,1,0,0,0,0,0,0,0,0,0,0,0,0
133,1,50,80,1,20,15,1,1,50,85,1,5,1,0,0,0,0,0,0,0,0,0,0,0,0
134,1,50,80,1,20,15,1,1,55,85,1,5,1,0,0,0,0,0,0,0,0,0,0,0,0
135,1,50,80,1,20,15,1,1,60,85,1,5,1,0,0,0,0,0,0,0,0,0,0,0,0
136,1,0,0,0,0,0,0,0,0,0,0,0,0,50,80,1,20,15,1,1,50,75,0.4,1,1
137,1,0,0,0,0,0,0,0,0,0,0,0,0,50,80,1,20,15,1,1,55,75,0.4,1,1
138,1,0,0,0,0,0,0,0,0,0,0,0,0,50,80,1,20,15,1,1,60,75,0.4,1,1
139,1,0,0,0,0,0,0,0,0,0,0,0,0,50,80,1,20,15,1,1,50,80,0.4,1,1
140,1,0,0,0,0,0,0,0,0,0,0,0,0,50,80,1,20,15,1,1,55,80,0.4,1,1
141,1,0,0,0,0,0,0,0,0,0,0,0,0,50,80,1,20,15,1,1,60,80,0.4,1,1
142,1,0,0,0,0,0,0,0,0,0,0,0,0,50,80,1,20,15,1,1,50,85,0.4,1,1
143,1,0,0,0,0,0,0,0,0,0,0,0,0,50,80,1,20,15,1,1,55,85,0.4,1,1
144,1,0,0,0,0,0,0,0,0,0,0,0,0,50,80,1,20,15,1,1,60,85,0.4,1,1
145,1,0,0,0,0,0,0,0,0,0,0,0,0,50,80,1,20,15,1,1,50,75,0.7,1,1
146,1,0,0,0,0,0,0,0,0,0,0,0,0,50,80,1,20,15,1,1,55,75,0.7,1,1
147,1,0,0,0,0,0,0,0,0,0,0,0,0,50,80,1,20,15,1,1,60,75,0.7,1,1
148,1,0,0,0,0,0,0,0,0,0,0,0,0,50,80,1,20,15,1,1,50,80,0.7,1,1
149,1,0,0,0,0,0,0,0,0,0,0,0,0,50,80,1,20,15,1,1,55,80,0.7,1,1
150,1,0,0,0,0,0,0,0,0,0,0,0,0,50,80,1,20,15,1,1,60,80,0.7,1,1
151,1,0,0,0,0,0,0,0,0,0,0,0,0,50,80,1,20,15,1,1,50,85,0.7,1,1
152,1,0,0,0,0,0,0,0,0,0,0,0,0,50,80,1,20,15,1,1,55,85,0.7,1,1
153,1,0,0,0,0,0,0,0,0,0,0,0,0,50,80,1,20,15,1,1,60,85,0.7,1,1
154,1,0,0,0,0,0,0,0,0,0,0,0,0,50,80,1,20,15,1,1,50,75,1,1,1
155,1,0,0,0,0,0,0,0,0,0,0,0,0,50,80,1,20,15,1,1,55,75,1,1,1
156,1,0,0,0,0,0,0,0,0,0,0,0,0,50,80,1,20,15,1,1,60,75,1,1,1
157,1,0,0,0,0,0,0,0,0,0,0,0,0,50,80,1,20,15,1,1,50,80,1,1,1
158,1,0,0,0,0,0,0,0,0,0,0,0,0,50,80,1,20,15,1,1,55,80,1,1,1
159,1,0,0,0,0,0,0,0,0,0,0,0,0,50,80,1,20,15,1,1,60,80,1,1,1
160,1,0,0,0,0,0,0,0,0,0,0,0,0,50,80,1,20,15,1,1,50,85,1,1,1
161,1,0,0,0,0,0,0,0,0,0,0,0,0,50,80,1,20,15,1,1,55,85,1,1,1
162,1,0,0,0,0,0,0,0,0,0,0,0,0,50,80,1,20,15,1,1,60,85,1,1,1
163,1,0,0,0,0,0,0,0,0,0,0,0,0,50,80,1,20,15,1,1,50,75,0.4,2,1
164,1,0,0,0,0,0,0,0,0,0,0,0,0,50,80,1,20,15,1,1,55,75,0.4,2,1
165,1,0,0,0,0,0,0,0,0,0,0,0,0,50,80,1,20,15,1,1,60,75,0.4,2,1
166,1,0,0,0,0,0,0,0,0,0,0,0,0,50,80,1,20,15,1,1,50,80,0.4,2,1
167,1,0,0,0,0,0,0,0,0,0,0,0,0,50,80,1,20,15,1,1,55,80,0.4,2,1
168,1,0,0,0,0,0,0,0,0,0,0,0,0,50,80,1,20,15,1,1,60,80,0.4,2,1
169,1,0,0,0,0,0,0,0,0,0,0,0,0,50,80,1,20,15,1,1,50,85,0.4,2,1
170,1,0,0,0,0,0,0,0,0,0,0,0,0,50,80,1,20,15,1,1,55,85,0.4,2,1
171,1,0,0,0,0,0,0,0,0,0,0,0,0,50,80,1,20,15,1,1,60,85,0.4,2,1
172,1,0,0,0,0,0,0,0,0,0,0,0,0,50,80,1,20,15,1,1,50,75,0.7,2,1
173,1,0,0,0,0,0,0,0,0,0,0,0,0,50,80,1,20,15,1,1,55,75,0.7,2,1
174,1,0,0,0,0,0,0,0,0,0,0,0,0,50,80,1,20,15,1,1,60,75,0.7,2,1
175,1,0,0,0,0,0,0,0,0,0,0,0,0,50,80,1,20,15,1,1,50,80,0.7,2,1
176,1,0,0,0,0,0,0,0,0,0,0,0,0,50,80,1,20,15,1,1,55,80,0.7,2,1
177,1,0,0,0,0,0,0,0,0,0,0,0,0,50,80,1,20,15,1,1,60,80,0.7,2,1
178,1,0,0,0,0,0,0,0,0,0,0,0,0,50,80,1,20,15,1,1,50,85,0.7,2,1
179,1,0,0,0,0,0,0,0,0,0,0,0,0,50,80,1,20,15,1,1,55,85,0.7,2,1
180,1,0,0,0,0,0,0,0,0,0,0,0,0,50,80,1,20,15,1,1,60,85,0.7,2,1
181,1,0,0,0,0,0,0,0,0,0,0,0,0,50,80,1,20,15,1,1,50,75,1,2,1
182,1,0,0,0,0,0,0,0,0,0,0,0,0,50,80,1,20,15,1,1,55,75,1,2,1
183,1,0,0,0,0,0,0,0,0,0,0,0,0,50,80,1,20,15,1,1,60,75,1,2,1
184,1,0,0,0,0,0,0,0,0,0,0,0,0,50,80,1,20,15,1,1,50,80,1,2,1
185,1,0,0,0,0,0,0,0,0,0,0,0,0,50,80,1,20,15,1,1,55,80,1,2,1
186,1,0,0,0,0,0,0,0,0,0,0,0,0,50,80,1,20,15,1,1,60,80,1,2,1
187,1,0,0,0,0,0,0,0,0,0,0,0,0,50,80,1,20,15,1,1,50,85,1,2,1
188,1,0,0,0,0,0,0,0,0,0,0,0,0,50,80,1,20,15,1,1,55,85,1,2,1
189,1,0,0,0,0,0,0,0,0,0,0,0,0,50,80,1,20,15,1,1,60,85,1,2,1
190,1,0,0,0,0,0,0,0,0,0,0,0,0,50,80,1,20,15,1,1,50,75,0.4,3,1
191,1,0,0,0,0,0,0,0,0,0,0,0,0,50,80,1,20,15,1,1,55,75,0.4,3,1
192,1,0,0,0,0,0,0,0,0,0,0,0,0,50,80,1,20,15,1,1,60,75,0.4,3,1
193,1,0,0,0,0,0,0,0,0,0,0,0,0,50,80,1,20,15,1,1,50,80,0.4,3,1
194,1,0,0,0,0,0,0,0,0,0,0,0,0,50,80,1,20,15,1,1,55,80,0.4,3,1
195,1,0,0,0,0,0,0,0,0,0,0,0,0,50,80,1,20,15,1,1,60,80,0.4,3,1
196,1,0,0,0,0,0,0,0,0,0,0,0,0,50,80,1,20,15,1,1,50,85,0.4,3,1
197,1,0,0,0,0,0,0,0,0,0,0,0,0,50,80,1,20,15,1,1,55,85,0.4,3,1
198,1,0,0,0,0,0,0,0,0,0,0,0,0,50,80,1,20,15,1,1,60,85,0.4,3,1
199,1,0,0,0,0,0,0,0,0,0,0,0,0,50,80,1,20,15,1,1,50,75,0.7,3,1
200,1,0,0,0,0,0,0,0,0,0,0,0,0,50,80,1,20,15,1,1,55,75,0.7,3,1
201,1,0,0,0,0,0,0,0,0,0,0,0,0,50,80,1,20,15,1,1,60,75,0.7,3,1
202,1,0,0,0,0,0,0,0,0,0,0,0,0,50,80,1,20,15,1,1,50,80,0.7,3,1
203,1,0,0,0,0,0,0,0,0,0,0,0,0,50,80,1,20,15,1,1,55,80,0.7,3,1
204,1,0,0,0,0,0,0,0,0,0,0,0,0,50,80,1,20,15,1,1,60,80,0.7,3,1
205,1,0,0,0,0,0,0,0,0,0,0,0,0,50,80,1,20,15,1,1,50,85,0.7,3,1
206,1,0,0,0,0,0,0,0,0,0,0,0,0,50,80,1,20,15,1,1,55,85,0.7,3,1
207,1,0,0,0,0,0,0,0,0,0,0,0,0,50,80,1,20,15,1,1,60,85,0.7,3,1
208,1,0,0,0,0,0,0,0,0,0,0,0,0,50,80,1,20,15,1,1,50,75,1,3,1
209,1,0,0,0,0,0,0,0,0,0,0,0,0,50,80,1,20,15,1,1,55,75,1,3,1
210,1,0,0,0,0,0,0,0,0,0,0,0,0,50,80,1,20,15,1,1,60,75,1,3,1
211,1,0,0,0,0,0,0,0,0,0,0,0,0,50,80,1,20,15,1,1,50,80,1,3,1
212,1,0,0,0,0,0,0,0,0,0,0,0,0,50,80,1,20,15,1,1,55,80,1,3,1
213,1,0,0,0,0,0,0,0,0,0,0,0,0,50,80,1,20,15,1,1,60,80,1,3,1
214,1,0,0,0,0,0,0,0,0,0,0,0,0,50,80,1,20,15,1,1,50,85,1,3,1
215,1,0,0,0,0,0,0,0,0,0,0,0,0,50,80,1,20,15,1,1,55,85,1,3,1
216,1,0,0,0,0,0,0,0,0,0,0,0,0,50,80,1,20,15,1,1,60,85,1,3,1
217,1,0,0,0,0,0,0,0,0,0,0,0,0,50,80,1,20,15,1,1,50,75,0.4,4,1
218,1,0,0,0,0,0,0,0,0,0,0,0,0,50,80,1,20,15,1,1,55,75,0.4,4,1
219,1,0,0,0,0,0,0,0,0,0,0,0,0,50,80,1,20,15,1,1,60,75,0.4,4,1
220,1,0,0,0,0,0,0,0,0,0,0,0,0,50,80,1,20,15,1,1,50,80,0.4,4,1
221,1,0,0,0,0,0,0,0,0,0,0,0,0,50,80,1,20,15,1,1,55,80,0.4,4,1
222,1,0,0,0,0,0,0,0,0,0,0,0,0,50,80,1,20,15,1,1,60,80,0.4,4,1
223,1,0,0,0,0,0,0,0,0,0,0,0,0,50,80,1,20,15,1,1,50,85,0.4,4,1
224,1,0,0,0,0,0,0,0,0,0,0,0,0,50,80,1,20,15,1,1,55,85,0.4,4,1
225,1,0,0,0,0,0,0,0,0,0,0,0,0,50,80,1,20,15,1,1,60,85,0.4,4,1
226,1,0,0,0,0,0,0,0,0,0,0,0,0,50,80,1,20,15,1,1,50,75,0.7,4,1
227,1,0,0,0,0,0,0,0,0,0,0,0,0,50,80,1,20,15,1,1,55,75,0.7,4,1
228,1,0,0,0,0,0,0,0,0,0,0,0,0,50,80,1,20,15,1,1,60,75,0.7,4,1
229,1,0,0,0,0,0,0,0,0,0,0,0,0,50,80,1,20,15,1,1,50,80,0.7,4,1
230,1,0,0,0,0,0,0,0,0,0,0,0,0,50,80,1,20,15,1,1,55,80,0.7,4,1
231,1,0,0,0,0,0,0,0,0,0,0,0,0,50,80,1,20,15,1,1,60,80,0.7,4,1
232,1,0,0,0,0,0,0,0,0,0,0,0,0,50,80,1,20,15,1,1,50,85,0.7,4,1
233,1,0,0,0,0,0,0,0,0,0,0,0,0,50,80,1,20,15,1,1,55,85,0.7,4,1
234,1,0,0,0,0,0,0,0,0,0,0,0,0,50,80,1,20,15,1,1,60,85,0.7,4,1
235,1,0,0,0,0,0,0,0,0,0,0,0,0,50,80,1,20,15,1,1,50,75,1,4,1
236,1,0,0,0,0,0,0,0,0,0,0,0,0,50,80,1,20,15,1,1,55,75,1,4,1
237,1,0,0,0,0,0,0,0,0,0,0,0,0,50,80,1,20,15,1,1,60,75,1,4,1
238,1,0,0,0,0,0,0,0,0,0,0,0,0,50,80,1,20,15,1,1,50,80,1,4,1
239,1,0,0,0,0,0,0,0,0,0,0,0,0,50,80,1,20,15,1,1,55,80,1,4,1
240,1,0,0,0,0,0,0,0,0,0,0,0,0,50,80,1,20,15,1,1,60,80,1,4,1
241,1,0,0,0,0,0,0,0,0,0,0,0,0,50,80,1,20,15,1,1,50,85,1,4,1
242,1,0,0,0,0,0,0,0,0,0,0,0,0,50,80,1,20,15,1,1,55,85,1,4,1
243,1,0,0,0,0,0,0,0,0,0,0,0,0,50,80,1,20,15,1,1,60,85,1,4,1
244,1,0,0,0,0,0,0,0,0,0,0,0,0,50,80,1,20,15,1,1,50,75,0.4,5,1
245,1,0,0,0,0,0,0,0,0,0,0,0,0,50,80,1,20,15,1,1,55,75,0.4,5,1
246,1,0,0,0,0,0,0,0,0,0,0,0,0,50,80,1,20,15,1,1,60,75,0.4,5,1
247,1,0,0,0,0,0,0,0,0,0,0,0,0,50,80,1,20,15,1,1,50,80,0.4,5,1
248,1,0,0,0,0,0,0,0,0,0,0,0,0,50,80,1,20,15,1,1,55,80,0.4,5,1
249,1,0,0,0,0,0,0,0,0,0,0,0,0,50,80,1,20,15,1,1,60,80,0.4,5,1
250,1,0,0,0,0,0,0,0,0,0,0,0,0,50,80,1,20,15,1,1,50,85,0.4,5,1
251,1,0,0,0,0,0,0,0,0,0,0,0,0,50,80,1,20,15,1,1,55,85,0.4,5,1
252,1,0,0,0,0,0,0,0,0,0,0,0,0,50,80,1,20,15,1,1,60,85,0.4,5,1
253,1,0,0,0,0,0,0,0,0,0,0,0,0,50,80,1,20,15,1,1,50,75,0.7,5,1
254,1,0,0,0,0,0,0,0,0,0,0,0,0,50,80,1,20,15,1,1,55,75,0.7,5,1
255,1,0,0,0,0,0,0,0,0,0,0,0,0,50,80,1,20,15,1,1,60,75,0.7,5,1
256,1,0,0,0,0,0,0,0,0,0,0,0,0,50,80,1,20,15,1,1,50,80,0.7,5,1
257,1,0,0,0,0,0,0,0,0,0,0,0,0,50,80,1,20,15,1,1,55,80,0.7,5,1
258,1,0,0,0,0,0,0,0,0,0,0,0,0,50,80,1,20,15,1,1,60,80,0.7,5,1
259,1,0,0,0,0,0,0,0,0,0,0,0,0,50,80,1,20,15,1,1,50,85,0.7,5,1
260,1,0,0,0,0,0,0,0,0,0,0,0,0,50,80,1,20,15,1,1,55,85,0.7,5,1
261,1,0,0,0,0,0,0,0,0,0,0,0,0,50,80,1,20,15,1,1,60,85,0.7,5,1
262,1,0,0,0,0,0,0,0,0,0,0,0,0,50,80,1,20,15,1,1,50,75,1,5,1
263,1,0,0,0,0,0,0,0,0,0,0,0,0,50,80,1,20,15,1,1,55,75,1,5,1
264,1,0,0,0,0,0,0,0,0,0,0,0,0,50,80,1,20,15,1,1,60,75,1,5,1
265,1,0,0,0,0,0,0,0,0,0,0,0,0,50,80,1,20,15,1,1,50,80,1,5,1
266,1,0,0,0,0,0,0,0,0,0,0,0,0,50,80,1,20,15,1,1,55,80,1,5,1
267,1,0,0,0,0,0,0,0,0,0,0,0,0,50,80,1,20,15,1,1,60,80,1,5,1
268,1,0,0,0,0,0,0,0,0,0,0,0,0,50,80,1,20,15,1,1,50,85,1,5,1
269,1,0,0,0,0,0,0,0,0,0,0,0,0,50,80,1,20,15,1,1,55,85,1,5,1
270,1,0,0,0,0,0,0,0,0,0,0,0,0,50,80,1,20,15,1,1,60,85,1,5,1
