"","smoking_grp","stage","n","YEAR","predicted_cost","lower_CI","upper_CI","se"
"1","non-smokers","Stage I",1,1,27394.711556052,18366.8663144966,36422.5567976074,4606.04349058947
"2","non-smokers","Stage I",1,2,16144.549891857,12761.7314553625,19527.3683283514,1725.92777372164
"3","non-smokers","Stage I",1,3,10209.1190966782,8078.52330451664,12339.7148888398,1087.0386694702
"4","non-smokers","Stage I",1,4,7282.88617698904,5668.8027699194,8896.96958405868,823.511942382469
"5","non-smokers","Stage I",1,5,5828.03487886651,4643.91805975491,7012.15169797811,604.141234240611
"6","non-smokers","Stage I",1,6,4905.67285266388,3887.2958350206,5924.04987030715,519.580111042489
"7","non-smokers","Stage I",1,7,3972.5789402174,3059.01265006638,4886.14523036842,466.105250077051
"8","non-smokers","Stage I",1,8,2897.2450011927,2263.19324837504,3531.29675401035,323.495792253905
"9","non-smokers","Stage I",1,9,1886.55433808115,1448.72646543028,2324.38221073203,223.381567679017
"10","non-smokers","Stage I",1,10,1148.82788262462,725.162491447666,1572.49327380157,216.155811824976
"11","non-smokers","Stage I",1,11,691.522753841503,299.322800045001,1083.722707638,200.102017243113
"12","non-smokers","Stage I",1,12,416.253580116832,90.9049892878709,741.602170945794,165.994178994368
"13","non-smokers","Stage I",1,13,250.558701065956,0,501.587699585185,128.076019652667
"14","non-smokers","Stage I",1,14,150.82071525304,0,335.549102999276,94.249177421549
"15","non-smokers","Stage I",1,15,90.7846666376622,0,222.350533370499,67.1254422106308
"16","non-smokers","Stage I",1,16,54.6467087275355,0,146.150322309865,46.6855171338417
"17","non-smokers","Stage I",1,17,32.8939113327455,0,95.4010231932842,31.8913836023157
"18","non-smokers","Stage I",1,18,19.8000836273843,0,61.9039479706398,21.4815634404365
"19","non-smokers","Stage I",1,19,11.9184157726218,0,39.9612967943775,14.3075923580386
"20","non-smokers","Stage I",1,20,7.17414316031565,0,25.6802517522412,9.44189213873752
"21","non-smokers","Stage II",1,1,52070.6135078575,26188.4829532732,77952.7440624418,13205.1686502981
"22","non-smokers","Stage II",1,2,38439.8678650965,22849.4112133389,54030.3245168541,7954.3146182437
"23","non-smokers","Stage II",1,3,28377.3149358327,19214.9295153146,37539.7003563507,4674.68643903982
"24","non-smokers","Stage II",1,4,20948.8937579927,15554.3217226932,26343.4657932923,2752.33267107118
"25","non-smokers","Stage II",1,5,15465.0472019544,11983.9293655921,18946.1650383166,1776.08052875626
"26","non-smokers","Stage II",1,6,11416.7255869829,8683.5023395326,14149.9488344332,1394.50165686241
"27","non-smokers","Stage II",1,7,8428.14015274207,5952.88085937176,10903.3994461124,1262.88739457669
"28","non-smokers","Stage II",1,8,6221.87956777658,3914.81922786287,8528.93990769029,1177.07160199679
"29","non-smokers","Stage II",1,9,4593.15488697949,2483.08514437748,6703.2246295815,1076.5661952051
"30","non-smokers","Stage II",1,10,3390.78588973043,1512.25373162826,5269.31804783261,958.434774541925
"31","non-smokers","Stage II",1,11,2503.16574457056,871.011541788494,4135.31994735263,832.731736113301
"32","non-smokers","Stage II",1,12,1847.90162179471,458.024342570815,3237.77890101861,709.12106082852
"33","non-smokers","Stage II",1,13,1364.16871764812,199.732274301859,2528.60516099439,594.100226197074
"34","non-smokers","Stage II",1,14,1007.06459059348,44.3577016634458,1969.77147952352,491.176984147978
"35","non-smokers","Stage II",1,15,743.441098235781,0,1530.72432867922,401.675117573184
"36","non-smokers","Stage II",1,16,548.827425478543,0,1186.82220526072,325.507540705195
"37","non-smokers","Stage II",1,17,405.158584415355,0,918.221827315079,261.766960663125
"38","non-smokers","Stage II",1,18,299.098534265708,0,709.002361889376,209.134605930442
"39","non-smokers","Stage II",1,19,220.802265189533,0,546.446160334234,166.144844461582
"40","non-smokers","Stage II",1,20,163.001936577589,0,420.439840898221,131.345869551343
"41","non-smokers","Stage III",1,1,57982.5328512575,39085.9973292446,76879.0683732704,9641.08955204741
"42","non-smokers","Stage III",1,2,43021.0154533047,31616.0074594446,54426.0234471648,5818.88162952045
"43","non-smokers","Stage III",1,3,31920.0414220176,25134.3044781308,38705.7783659044,3462.11068565655
"44","non-smokers","Stage III",1,4,23683.4438327864,19517.5201189791,27849.3675465938,2125.47128255477
"45","non-smokers","Stage III",1,5,17572.1291935676,14657.1726707278,20487.0857164074,1487.2227157346
"46","non-smokers","Stage III",1,6,13037.7268923065,10601.2843732385,15474.1694113744,1243.0829178918
"47","non-smokers","Stage III",1,7,9673.36270873867,7443.08747329333,11903.637944184,1137.89552828844
"48","non-smokers","Stage III",1,8,7177.14206938106,5119.10271061439,9235.18142814772,1050.0200810034
"49","non-smokers","Stage III",1,9,5325.06124462775,3464.06759966167,7186.05488959382,949.486553554119
"50","non-smokers","Stage III",1,10,3950.91063042128,2308.08844427784,5593.73281656473,838.174584767065
"51","non-smokers","Stage III",1,11,2931.36387189693,1511.80697627051,4350.92076752334,724.263722258376
"52","non-smokers","Stage III",1,12,2174.91483692364,969.881315809504,3379.94835803778,614.8130209766
"53","non-smokers","Stage III",1,13,1613.67020765306,605.537282571703,2621.80313273441,514.353533204773
"54","non-smokers","Stage III",1,14,1197.25678213233,363.906723235692,2030.60684102897,425.178601477876
"55","non-smokers","Stage III",1,15,888.30034511615,206.263022890279,1570.33766734202,347.978225625444
"56","non-smokers","Stage III",1,16,659.071232595663,105.528328333273,1212.61413685805,282.419849113464
"57","non-smokers","Stage III",1,17,488.995520516622,42.9242309682693,935.066810064974,227.58739262671
"58","non-smokers","Stage III",1,18,362.808460238195,5.53157880879024,720.0853416676,182.284123178268
"59","non-smokers","Stage III",1,19,269.184426641257,0,553.83194048151,145.228323387884
"60","non-smokers","Stage III",1,20,199.720413075842,0,425.456728230372,115.171589364556
"61","non-smokers","Stage IV",1,1,78297.4572869641,64684.3075926269,91910.6069813013,6945.48453792714
"62","non-smokers","Stage IV",1,2,70215.899408422,60930.7949480169,79501.0038688271,4737.29819408423
"63","non-smokers","Stage IV",1,3,61138.5982208667,50518.9320488512,71758.2643928822,5418.19702653853
"64","non-smokers","Stage IV",1,4,50116.0251231259,40309.5830591558,59922.467187096,5003.28676733168
"65","non-smokers","Stage IV",1,5,37773.1708283485,30097.1475694974,45449.1940871997,3916.33839737306
"66","non-smokers","Stage IV",1,6,25899.3699981863,19783.7051817293,32015.0348146433,3120.23715125358
"67","non-smokers","Stage IV",1,7,16202.9591090529,11924.24405787,20481.6741602358,2183.01788325657
"68","non-smokers","Stage IV",1,8,9389.54896718586,6946.15106938085,11832.9468649909,1246.63158051276
"69","non-smokers","Stage IV",1,9,5162.78942693,3583.43923380755,6742.13962005245,805.790914858391
"70","non-smokers","Stage IV",1,10,2768.97699442509,1458.36340889972,4079.59057995046,668.680400778251
"71","non-smokers","Stage IV",1,11,1479.16545548095,446.77812195008,2511.55278901182,526.728231393301
"72","non-smokers","Stage IV",1,12,790.158404744144,47.9511464350537,1532.36566305323,378.677172606679
"73","non-smokers","Stage IV",1,13,422.096326191449,0,923.228701800753,255.679783474134
"74","non-smokers","Stage IV",1,14,225.480495448262,0,549.801493163649,165.469896793565
"75","non-smokers","Stage IV",1,15,120.449884713125,0,324.157829351797,103.932624815649
"76","non-smokers","Stage IV",1,16,64.3433690287158,0,189.502259480002,63.8565767608604
"77","non-smokers","Stage IV",1,17,34.3717152392954,0,109.983306739793,38.5773426022947
"78","non-smokers","Stage IV",1,18,18.3610965096335,0,63.4367225541352,22.9977683900519
"79","non-smokers","Stage IV",1,19,9.80835150905277,0,36.3932305217011,13.5637137819634
"80","non-smokers","Stage IV",1,20,5.23954325247747,0,20.780922785324,7.92927527186047
"81","smokers","Stage I",1,1,29219.9441285376,18362.4383014418,40077.4499556335,5539.54378933461
"82","smokers","Stage I",1,2,12519.4042483503,9588.5787160654,15450.2297806351,1495.31914912493
"83","smokers","Stage I",1,3,6056.93881214687,4528.97931481785,7584.89830947589,779.571172106641
"84","smokers","Stage I",1,4,3615.89727846985,2640.36424336118,4591.43031357853,497.720936279936
"85","smokers","Stage I",1,5,2654.20557871607,2004.47016729906,3303.94099013308,331.49765888623
"86","smokers","Stage I",1,6,2163.33192704861,1599.0536716492,2727.61018244802,287.89706908133
"87","smokers","Stage I",1,7,1692.43085344724,1188.44035865185,2196.42134824262,257.138007548664
"88","smokers","Stage I",1,8,1137.58649210235,819.170981528786,1456.00200267592,162.45689314978
"89","smokers","Stage I",1,9,644.070225784361,454.464238273905,833.676213294817,96.7377487298244
"90","smokers","Stage I",1,10,328.997452046989,169.400838105638,488.59406598834,81.4268438476282
"91","smokers","Stage I",1,11,165.077915685072,39.943377083159,290.212454286986,63.844152347915
"92","smokers","Stage I",1,12,82.8295723184994,0,169.880778364914,44.413880635926
"93","smokers","Stage I",1,13,41.5606050148711,0,97.7070952599951,28.6461684924102
"94","smokers","Stage I",1,14,20.8534686447531,0,55.3484710600708,17.5994910282233
"95","smokers","Stage I",1,15,10.4634461977176,0,30.9623167945702,10.4586074473738
"96","smokers","Stage I",1,16,5.25014366663066,0,17.1420054020969,6.06727639564604
"97","smokers","Stage I",1,17,2.63431454603116,0,9.40892073297357,3.45643172803184
"98","smokers","Stage I",1,18,1.32179490087839,0,5.12691154860678,1.94138604475938
"99","smokers","Stage I",1,19,0.663224428768521,0,2.77635187134124,1.07812624621057
"100","smokers","Stage I",1,20,0.332779800121041,0,1.4954360743785,0.593191976661969
"101","smokers","Stage II",1,1,35600.572975154,21068.9338634604,50132.2120868475,7414.10158759874
"102","smokers","Stage II",1,2,24407.6331303483,16245.8698208694,32569.3964398272,4164.16495381577
"103","smokers","Stage II",1,3,16733.8036352684,12196.292873472,21271.3143970647,2315.05651112059
"104","smokers","Stage II",1,4,11472.6621767416,8863.19191257756,14082.1324409056,1331.36237967552
"105","smokers","Stage II",1,5,7865.64262177683,6170.64420218657,9560.64104136708,864.795112035845
"106","smokers","Stage II",1,6,5392.67597959802,4098.0145768044,6687.33738239164,660.541532037563
"107","smokers","Stage II",1,7,3697.20974866283,2617.18242661317,4777.2370707125,551.034347984523
"108","smokers","Stage II",1,8,2534.79695684503,1622.51996482123,3447.07394886883,465.447444910104
"109","smokers","Stage II",1,9,1737.84717665284,979.884997827869,2495.80935547781,386.715397359679
"110","smokers","Stage II",1,10,1191.46035269875,575.310816815476,1807.60988858203,314.362008103712
"111","smokers","Stage II",1,11,816.859831222777,325.965069064664,1307.75459338089,250.45651130516
"112","smokers","Stage II",1,12,560.035407266307,175.536669869156,944.534144663458,196.172825202628
"113","smokers","Stage II",1,13,383.957743303945,87.0174923858687,680.897994222021,151.500128019427
"114","smokers","Stage II",1,14,263.239692937763,36.588225646625,489.891160228901,115.638503719968
"115","smokers","Stage II",1,15,180.475943372532,9.15862503221234,351.793261712851,87.4067950715916
"116","smokers","Stage II",1,16,123.73349084519,0,252.162409093375,65.5249582898902
"117","smokers","Stage II",1,17,84.8311219248452,0,180.434663155758,48.7773169545474
"118","smokers","Stage II",1,18,58.1598336705111,0,128.899269226133,36.0915487528685
"119","smokers","Stage II",1,19,39.874119024127,0,91.942295993025,26.5653964127031
"120","smokers","Stage II",1,20,27.3375157322089,0,65.4871900102134,19.4641195295941
"121","smokers","Stage III",1,1,42174.5699590999,33194.4249324112,51154.7149857887,4581.70664626978
"122","smokers","Stage III",1,2,28663.9977836607,23647.1500191123,33680.8455482092,2559.61620640226
"123","smokers","Stage III",1,3,19481.4959158676,16591.4308310277,22371.5610007074,1474.52300246931
"124","smokers","Stage III",1,4,13240.5739054775,11393.6863605869,15087.4614503681,942.289563719697
"125","smokers","Stage III",1,5,8998.91458059528,7634.8545645076,10362.974596683,695.948987799838
"126","smokers","Stage III",1,6,6116.07044891373,5012.32872862943,7219.81216919802,563.133530757295
"127","smokers","Stage III",1,7,4156.75378062667,3243.85403782108,5069.65352343225,465.765174900809
"128","smokers","Stage III",1,8,2825.11427008289,2077.80550367664,3572.42303648914,381.279982860332
"129","smokers","Stage III",1,9,1920.07353345056,1319.62536034963,2520.5217065515,306.351108724967
"130","smokers","Stage III",1,10,1304.96788784124,831.380560263643,1778.55521541884,241.626187539591
"131","smokers","Stage III",1,11,886.91461550782,519.402606091262,1254.42662492438,187.506127253346
"132","smokers","Stage III",1,12,602.786890413567,321.477125028851,884.096655798282,143.525390502406
"133","smokers","Stage III",1,13,409.680964662437,196.816414432526,622.545514892348,108.604362362199
"134","smokers","Stage III",1,14,278.437529873274,118.915243468364,437.959816278184,81.3889216351582
"135","smokers","Stage III",1,15,189.238614261246,70.6669180856353,307.810310436857,60.4957633549035
"136","smokers","Stage III",1,16,128.615036715113,41.0964468969823,216.133626533244,44.6523417439444
"137","smokers","Stage III",1,17,87.4125385762646,23.2030849165176,151.621992236012,32.7599253366056
"138","smokers","Stage III",1,18,59.4094757152843,12.5475830378014,106.271368392767,23.9091289170831
"139","smokers","Stage III",1,19,40.3773401648277,6.33297349708364,74.4217068325717,17.3695748304816
"140","smokers","Stage III",1,20,27.4422485497001,2.80966331179888,52.0748337876014,12.5676455295415
"141","smokers","Stage IV",1,1,52507.1643098045,44539.9824189769,60474.346200632,4064.88871980997
"142","smokers","Stage IV",1,2,42382.8263212947,36421.9446767735,48343.7079658159,3041.26614516386
"143","smokers","Stage IV",1,3,32942.5994533812,26332.9450505397,39552.2538562227,3372.27265451097
"144","smokers","Stage IV",1,4,23904.0292967114,18338.0399387705,29470.0186546523,2839.79048874536
"145","smokers","Stage IV",1,5,16067.7717578446,12190.0466296032,19945.4968860859,1978.43118787825
"146","smokers","Stage IV",1,6,10195.0252434352,7545.54604882887,12844.5044380416,1351.77509928895
"147","smokers","Stage IV",1,7,6314.42969248681,4558.85939537964,8069.99998959399,895.699131177128
"148","smokers","Stage IV",1,8,3934.4739857036,2799.05664723112,5069.89132417607,579.294560445139
"149","smokers","Stage IV",1,9,2498.94143289834,1586.84105207929,3411.04181371739,465.357337152577
"150","smokers","Stage IV",1,10,1609.37146485343,728.413699931902,2490.32922977497,449.468247408945
"151","smokers","Stage IV",1,11,1039.0936764455,229.114733070511,1849.07261982049,413.254562946423
"152","smokers","Stage IV",1,12,670.892762801253,0,1360.44333708526,351.81151749184
"153","smokers","Stage IV",1,13,433.163158800828,0,988.885682968791,283.531900085695
"154","smokers","Stage IV",1,14,279.672598283633,0,710.790783304954,219.958257663939
"155","smokers","Stage IV",1,15,180.571132704948,0,505.967515339287,166.01856256854
"156","smokers","Stage IV",1,16,116.586087326582,0,357.194959101888,122.759628456789
"157","smokers","Stage IV",1,17,75.2740238957864,0,250.387084749834,89.3433983949224
"158","smokers","Stage IV",1,18,48.6008133851449,0,174.450505384143,64.2090265301009
"159","smokers","Stage IV",1,19,31.3792054609412,0,120.903383711132,45.6756011480568
"160","smokers","Stage IV",1,20,20.2600423074592,0,83.4065878309996,32.2176252671125
