"YEAR","smoking_grp","stage","predicted_cost","se"
1,"non-smokers","Stage I",28206.2731736676,4652.55746031032
2,"non-smokers","Stage I",16566.98206601,1772.56822514503
3,"non-smokers","Stage I",10458.0263161596,1123.47669077853
4,"non-smokers","Stage I",7468.00142605868,850.74582699593
5,"non-smokers","Stage I",5997.51384400233,630.302026316837
6,"non-smokers","Stage I",5071.27137856489,545.461323622248
7,"non-smokers","Stage I",4120.47617121026,489.622724274999
8,"non-smokers","Stage I",3006.96859200707,341.894607778627
9,"non-smokers","Stage I",1953.5783623874,233.701940663497
10,"non-smokers","Stage I",1184.95558147587,220.035244764208
11,"non-smokers","Stage I",710.252598994636,201.213598164664
12,"non-smokers","Stage I",425.719547858774,165.790548843374
13,"non-smokers","Stage I",255.172784563718,127.251175349519
14,"non-smokers","Stage I",152.948461750226,93.2033435717108
15,"non-smokers","Stage I",91.6760460632864,66.0843116702691
16,"non-smokers","Stage I",54.9498656320115,45.7611417229217
17,"non-smokers","Stage I",32.936496092902,31.1254400971009
18,"non-smokers","Stage I",19.7418640136906,20.8760736582661
19,"non-smokers","Stage I",11.8331104084581,13.845163117611
20,"non-smokers","Stage I",7.0926687490935,9.09795667239335
1,"non-smokers","Stage II",47521.3552056653,12151.585835361
2,"non-smokers","Stage II",34765.4934275293,7496.5220434204
3,"non-smokers","Stage II",25433.620951637,4627.30968687694
4,"non-smokers","Stage II",18606.6574751506,2953.44200236385
5,"non-smokers","Stage II",13612.2177980507,2054.35343031602
6,"non-smokers","Stage II",9958.400341037,1600.93815547922
7,"non-smokers","Stage II",7285.34580144941,1351.21349826172
8,"non-smokers","Stage II",5329.79439202322,1173.06039997698
9,"non-smokers","Stage II",3899.15416706997,1016.59497640967
10,"non-smokers","Stage II",2852.52960358151,869.930475494007
11,"non-smokers","Stage II",2086.8434916325,733.464662726691
12,"non-smokers","Stage II",1526.68556115985,609.823564251232
13,"non-smokers","Stage II",1116.88720883934,500.826363396713
14,"non-smokers","Stage II",817.088383492169,406.980424624194
15,"non-smokers","Stage II",597.762622003383,327.73658061169
16,"non-smokers","Stage II",437.309059195288,261.878894907226
17,"non-smokers","Stage II",319.925010723045,207.856975291852
18,"non-smokers","Stage II",234.049604813775,164.021714632401
19,"non-smokers","Stage II",171.225179893502,128.774300640285
20,"non-smokers","Stage II",125.264309900842,100.649946400644
1,"non-smokers","Stage III",61837.7916314907,10139.4909212894
2,"non-smokers","Stage III",46732.5027301587,6435.15912160585
3,"non-smokers","Stage III",35316.9721741227,4156.23300497973
4,"non-smokers","Stage III",26689.8777945346,2867.95854536889
5,"non-smokers","Stage III",20170.0949549384,2214.25691073207
6,"non-smokers","Stage III",15242.8921616298,1889.37990732802
7,"non-smokers","Stage III",11519.2717318335,1688.44781745765
8,"non-smokers","Stage III",8705.2497561404,1518.16080218395
9,"non-smokers","Stage III",6578.64573539122,1350.69898866124
10,"non-smokers","Stage III",4971.54444510642,1183.90067516113
11,"non-smokers","Stage III",3757.04228420037,1022.55405521664
12,"non-smokers","Stage III",2839.23172791175,871.688315169858
13,"non-smokers","Stage III",2145.63377119309,734.717950831351
14,"non-smokers","Stage III",1621.47535716302,613.305357456037
15,"non-smokers","Stage III",1225.36397832001,507.73410656579
16,"non-smokers","Stage III",926.018932530274,417.35337687456
17,"non-smokers","Stage III",699.801102836537,340.954338936736
18,"non-smokers","Stage III",528.846189130397,277.04969518085
19,"non-smokers","Stage III",399.653973999341,224.065192542938
20,"non-smokers","Stage III",302.022217832571,180.461888831938
1,"non-smokers","Stage IV",77418.546937997,6639.05134335388
2,"non-smokers","Stage IV",68650.976192654,4534.61616023954
3,"non-smokers","Stage IV",59005.6755007033,5167.72011514055
4,"non-smokers","Stage IV",47599.9106869678,4753.76766521069
5,"non-smokers","Stage IV",35197.2079887487,3734.93229086679
6,"non-smokers","Stage IV",23631.4451430097,2953.71016446848
7,"non-smokers","Stage IV",14476.5918027142,2043.28390778426
8,"non-smokers","Stage IV",8226.84470416471,1165.66856205621
9,"non-smokers","Stage IV",4444.32508613803,727.884457565137
10,"non-smokers","Stage IV",2344.65979080393,570.516823749996
11,"non-smokers","Stage IV",1232.26773178016,434.439417695176
12,"non-smokers","Stage IV",647.635008175732,305.119600063668
13,"non-smokers","Stage IV",340.373356371884,202.003667865405
14,"non-smokers","Stage IV",178.887830746212,128.382389611658
15,"non-smokers","Stage IV",94.0169240336244,79.2461905109518
16,"non-smokers","Stage IV",49.4118686993553,47.8675763673309
17,"non-smokers","Stage IV",25.9690773066467,28.436489419772
18,"non-smokers","Stage IV",13.6484005545695,16.6724152982258
19,"non-smokers","Stage IV",7.17310189724358,9.67165368836239
20,"non-smokers","Stage IV",3.76992092388531,5.56150513967898
1,"smokers","Stage I",28444.3013624584,5292.34397261989
2,"smokers","Stage I",12036.0931051132,1453.5676566022
3,"smokers","Stage I",5771.23802353864,755.924045716649
4,"smokers","Stage I",3434.84494229026,482.639242020012
5,"smokers","Stage I",2526.98469810501,328.95339878058
6,"smokers","Stage I",2067.64266368587,288.180774251258
7,"smokers","Stage I",1618.5931068672,255.940803429768
8,"smokers","Stage I",1081.38037101925,163.133503727804
9,"smokers","Stage I",604.376355901821,95.2435751789008
10,"smokers","Stage I",303.538628463214,75.1554336423869
11,"smokers","Stage I",149.644028338184,56.9140639914067
12,"smokers","Stage I",73.7742518329701,38.679452601478
13,"smokers","Stage I",36.3705808641726,24.4524890965639
14,"smokers","Stage I",17.9306345985354,14.742627513432
15,"smokers","Stage I",8.83977240580455,8.60195403205081
16,"smokers","Stage I",4.35799278363553,4.90095881818716
17,"smokers","Stage I",2.14848304123175,2.74247785388763
18,"smokers","Stage I",1.05919849059724,1.51318794833993
19,"smokers","Stage I",0.522183057046749,0.825544117852332
20,"smokers","Stage I",0.257435360309975,0.446242933851132
1,"smokers","Stage II",37510.4387019808,7727.80689443193
2,"smokers","Stage II",26008.8198401471,4525.08596596124
3,"smokers","Stage II",18033.8853357577,2693.46924935435
4,"smokers","Stage II",12504.2663814634,1703.25903872952
5,"smokers","Stage II",8670.16472566942,1195.4413482847
6,"smokers","Stage II",6011.68924337178,925.034739925403
7,"smokers","Stage II",4168.36279940332,752.065922458358
8,"smokers","Stage II",2890.24166590779,617.43976760394
9,"smokers","Stage II",2004.02189213719,502.73730395417
10,"smokers","Stage II",1389.53845074119,403.777810423476
11,"smokers","Stage II",963.470989891571,319.774360840977
12,"smokers","Stage II",668.046535788553,250.035841870008
13,"smokers","Stage II",463.206654545263,193.34326791682
14,"smokers","Stage II",321.175836293726,148.080744992871
15,"smokers","Stage II",222.695241544492,112.485588648531
16,"smokers","Stage II",154.411275701344,84.8431394820334
17,"smokers","Stage II",107.064892354032,63.6015995028234
18,"smokers","Stage II",74.2361017530326,47.4232519769293
19,"smokers","Stage II",51.4734445840878,35.1941439185853
20,"smokers","Stage II",35.6903909928559,26.0101611023375
1,"smokers","Stage III",41283.7403664857,4349.84836167365
2,"smokers","Stage III",27398.9500020266,2434.07942021537
3,"smokers","Stage III",18183.952879608,1450.87049630699
4,"smokers","Stage III",12068.1793952893,974.641609659345
5,"smokers","Stage III",8009.29329509064,732.315021120795
6,"smokers","Stage III",5315.52139812716,579.347383538826
7,"smokers","Stage III",3527.74533684576,461.04571978781
8,"smokers","Stage III",2341.25472938247,362.431793104154
9,"smokers","Stage III",1553.81879021847,280.252387916409
10,"smokers","Stage III",1031.22221022199,213.299206095621
11,"smokers","Stage III",684.39082934839,160.09603013109
12,"smokers","Stage III",454.209386350734,118.742297026543
13,"smokers","Stage III",301.444960689398,87.1858551531344
14,"smokers","Stage III",200.059855775119,63.4683272143975
15,"smokers","Stage III",132.773643988698,45.8644649807716
16,"smokers","Stage III",88.1178308848409,32.9339688549011
17,"smokers","Stage III",58.481125369357,23.5191530374778
18,"smokers","Stage III",38.8121449441489,16.7150501965833
19,"smokers","Stage III",25.7584406191154,11.8290670985478
20,"smokers","Stage III",17.0950939218451,8.33985307711557
1,"smokers","Stage IV",52758.8623687836,3945.51383130436
2,"smokers","Stage IV",43896.5378490311,3149.25833241775
3,"smokers","Stage IV",35196.3599597626,3689.42987448227
4,"smokers","Stage IV",26370.455531965,3300.70630495374
5,"smokers","Stage IV",18299.9785535635,2488.44631986586
6,"smokers","Stage IV",11959.9748783031,1821.89951023994
7,"smokers","Stage IV",7594.77989681447,1274.27861325223
8,"smokers","Stage IV",4823.6089076543,859.524940691692
9,"smokers","Stage IV",3106.81201204247,665.630277085201
10,"smokers","Stage IV",2023.36544654075,604.088495608115
11,"smokers","Stage IV",1320.46504857263,541.31399788586
12,"smokers","Stage IV",861.746427212604,458.025306451711
13,"smokers","Stage IV",562.382855658631,369.841729888975
14,"smokers","Stage IV",367.015709437606,288.520656871693
15,"smokers","Stage IV",239.517491720539,219.395820402306
16,"smokers","Stage IV",156.31109885734,163.613449739402
17,"smokers","Stage IV",102.009917732843,120.169455437744
18,"smokers","Stage IV",66.5725171912375,87.1913430408085
19,"smokers","Stage IV",43.4457760938933,62.6363793403107
20,"smokers","Stage IV",28.3530733106959,44.6256486026657
